phone,email
87792117112,testing1@yahoo.com
87792117113,testing2@gmail.com
87792117114,testing1@yahoo.com
87792117115,testing2@gmail.com
87792117116,testing1@yahoo.com
87792117117,testing2@gmail.com
87792117118,testing1@yahoo.com
87792117119,testing2@gmail.com
87792117120,testing1@yahoo.com
87792117121,testing1@yahoo.com
87792117122,testing2@gmail.com
87792117123,testing1@yahoo.com
87792117124,testing2@gmail.com
87792117125,testing1@yahoo.com
87792117126,testing2@gmail.com
87792117127,testing1@yahoo.com
87792117128,testing2@gmail.com
87792117129,testing1@yahoo.com
87792117130,testing1@yahoo.com
87792117131,testing2@gmail.com
87792117132,testing1@yahoo.com
87792117133,testing2@gmail.com
87792117134,testing1@yahoo.com
87792117135,testing2@gmail.com
87792117136,testing1@yahoo.com
87792117137,testing2@gmail.com
87792117138,testing1@yahoo.com
87792117139,testing1@yahoo.com
87792117140,testing2@gmail.com
87792117141,testing1@yahoo.com
87792117142,testing2@gmail.com
87792117143,testing1@yahoo.com
87792117144,testing2@gmail.com
87792117145,testing1@yahoo.com
87792117146,testing2@gmail.com
87792117147,testing1@yahoo.com
87792117148,testing1@yahoo.com
87792117149,testing2@gmail.com
87792117150,testing1@yahoo.com
87792117151,testing2@gmail.com
87792117152,testing1@yahoo.com
87792117153,testing2@gmail.com
87792117154,testing1@yahoo.com
87792117155,testing2@gmail.com
87792117156,testing1@yahoo.com
87792117157,testing1@yahoo.com
87792117158,testing2@gmail.com
87792117159,testing1@yahoo.com
87792117160,testing2@gmail.com
